Action,start,end
B,1.3877748248369173,1.987678183136023
