Action,start,end
B,1.4923115704562642,2.09226115452483
