Action,start,end
B,1.3268905532737376,1.926793911572844
