Action,start,end
B,1.309679858835392,1.9096294429039575
