Action,start,end
B,1.7946363856003864,2.3945397438994926
