Action,start,end
B,1.7115245228316018,2.311427881130708
