Action,start,end
B,1.638197632278328,2.238100990577434
