Action,start,end
B,1.456269630345494,2.0561729886446
