Action,start,end
B,1.451679149553032,2.0515825078521384
