Action,start,end
B,1.386083595071273,1.98598695337038
