Action,start,end
B,1.5357574293307563,2.1356607876298623
