Action,start,end
B,1.480430055568978,2.080333413868084
