Action,start,end
B,1.290408311186277,1.890311669485383
