Action,start,end
B,1.292220343078038,1.8921237013771444
