Action,start,end
B,1.2412418458564871,1.841145204155593
