Action,start,end
B,1.8459315027056096,2.445871004604578
