Action,start,end
B,1.2448659096400096,1.844769267939116
