Action,start,end
B,1.306595796086011,1.906499154385117
