Action,start,end
B,1.3050253684464843,1.9049287267455908
