Action,start,end
B,1.1901941013360222,1.790143685404588
