Action,start,end
B,1.4658129983087702,2.0657163566078767
