Action,start,end
B,1.7378593863251992,2.337762744624305
