Action,start,end
B,1.2174187043105622,1.817368288379128
