Action,start,end
B,1.1733047643055206,1.773254348374086
