Action,start,end
B,1.2885962792945156,1.8884996375936216
