Action,start,end
B,1.3754530079729403,1.9753563662720464
