Action,start,end
B,1.3190068061507438,1.9189563902193092
