Action,start,end
B,1.4597728920028992,2.0596762503020054
