Action,start,end
B,1.2811065474752357,1.881009905774342
