Action,start,end
B,1.2731336071514858,1.873036965450592
