Action,start,end
B,1.8081706046449095,2.408110106543878
