Action,start,end
B,1.2322914040836903,1.832240988152256
