Action,start,end
B,1.4755979705242812,2.0755013288233872
