Action,start,end
B,1.5430055568978016,2.1429089151969074
