Action,start,end
B,1.335105097849722,1.9350084561488283
