Action,start,end
B,1.3290649915438513,1.928968349842957
