Action,start,end
B,1.2005293672800603,1.8004789513486263
