Action,start,end
B,1.4057743416284127,2.0056776999275185
