Action,start,end
B,1.2013771442377386,1.8012805025368448
