Action,start,end
B,1.607876298622856,2.2077796569219617
