Action,start,end
B,1.3157767576709352,1.915680115970041
