Action,start,end
B,1.268663928485141,1.8685672867842475
