Action,start,end
B,1.2606909881613917,1.8605943464604977
