Action,start,end
B,1.3374003382459532,1.9373036965450592
