Action,start,end
B,1.2337521140372072,1.8336554723363132
