Action,start,end
B,1.250422807441411,1.850326165740517
