Action,start,end
B,1.3121526938874126,1.9120560521865184
