Action,start,end
B,2.1233152959365444,2.7232547978355126
