Action,start,end
B,1.187122493355883,1.787025851654989
