Action,start,end
B,1.552669726987195,2.152573085286301
