Action,start,end
B,1.389466054602561,1.9893694129016672
