Action,start,end
B,1.4075051255335596,2.007444627432528
