Action,start,end
B,1.6138372601082245,2.2137767620071926
