Action,start,end
B,1.529596520898768,2.129499879197874
