Action,start,end
B,1.55266695795382,2.152606459852788
