Action,start,end
B,1.583252109031022,2.1831916109299905
