Action,start,end
B,1.3531576647733,1.9530971666722683
