Action,start,end
B,1.228799226866393,1.828702585165499
