Action,start,end
B,1.4849090847981716,2.08484858669714
