Action,start,end
B,1.5881927872819548,2.188132289180923
