Action,start,end
B,1.6153665176620846,2.2153060195610528
