Action,start,end
B,1.4092696534803215,2.009209155379289
