Action,start,end
B,1.272287992268664,1.8721913505677703
