Action,start,end
B,1.3602157765603469,1.9601552784593157
