Action,start,end
B,1.7166504218062044,2.3165899237051724
