Action,start,end
B,1.4600880583470577,2.0600275602460254
