Action,start,end
B,1.7247672503613083,2.324706752260276
