Action,start,end
B,1.4489007006523311,2.0488040589514376
