Action,start,end
B,1.7213558296642355,2.321295331563204
