Action,start,end
B,1.5566665546331464,2.1566060565321146
