Action,start,end
B,1.6180721271804526,2.2180116290794203
