Action,start,end
B,1.0408311186276875,1.640734476926794
