Action,start,end
B,1.952391355493564,2.552330857392532
