Action,start,end
B,1.7966423553927335,2.396581857291702
