Action,start,end
B,1.5092595704634828,2.109199072362451
