Action,start,end
B,1.610425839411152,2.21036534131012
