Action,start,end
B,1.1121754474413916,1.7121250315099572
