Action,start,end
B,1.4886734110845965,2.0886129129835647
