Action,start,end
B,1.485850166369778,2.085789668268746
