Action,start,end
B,1.5741941989043122,2.1741337008032806
