Action,start,end
B,1.5325513393607366,2.132490841259705
