Action,start,end
B,1.4563237320606326,2.056263233959601
