Action,start,end
B,1.5209054549121095,2.120844956811078
