Action,start,end
B,1.6552448492588985,2.255184351157866
