Action,start,end
B,1.4336201391456325,2.033559641044601
