Action,start,end
B,1.5094948408563842,2.1094343427553524
