Action,start,end
B,1.609367122643095,2.209306624542063
