Action,start,end
B,1.6354821362551677,2.2354216381541354
