Action,start,end
B,1.5598427049373174,2.1597822068362857
