Action,start,end
B,1.1284126600628173,1.728316018361923
