Action,start,end
B,1.6163075992336906,2.2162471011326588
