Action,start,end
B,1.4533828521493632,2.053322354048331
