Action,start,end
B,1.5490202668638458,2.148959768762814
