Action,start,end
B,1.5394918159513329,2.139431317850301
