Action,start,end
B,1.4682290408311187,2.0681323991302247
