Action,start,end
B,1.450912513023897,2.050852014922865
