Action,start,end
B,1.6747722918697274,2.274711793768696
