Action,start,end
B,1.3737438241521864,1.9736833260511544
