Action,start,end
B,1.544079588612913,2.144019090511881
