Action,start,end
B,1.5544314859005817,2.15437098779955
