Action,start,end
B,1.449021502778449,2.048924861077555
