Action,start,end
B,1.4437367660403997,2.043676267939368
