Action,start,end
B,1.6810823870500122,2.2809857453491182
