Action,start,end
B,1.4546768393103218,2.05461634120929
