Action,start,end
B,1.3389707658854797,1.9388741241845853
