Action,start,end
B,1.5841990819038416,2.184102440202948
