Action,start,end
B,1.5386566803575743,2.1385600386566805
