Action,start,end
B,1.3186760086977531,1.9185793669968592
