Action,start,end
B,1.6491906257550133,2.2490939840541198
