Action,start,end
B,1.22985187044941,1.8297765503389405
