Action,start,end
B,1.5681323991302247,2.168035757429331
