Action,start,end
B,1.3611983570910848,1.961101715390191
