Action,start,end
B,1.5735684948055086,2.1734718531046147
