Action,start,end
B,1.4936980085707083,2.0936475926392744
