Action,start,end
B,1.8400497428830709,2.439989244782039
