Action,start,end
B,1.4183377627446243,2.0182411210437303
