Action,start,end
B,1.348272529596521,1.9481758878956272
