Action,start,end
B,1.2790529113312394,1.8789562696303452
