Action,start,end
B,1.4220826286542645,2.0219859869533705
