Action,start,end
B,1.4278811307079005,2.0277844890070065
