Action,start,end
B,1.4072698551406582,2.0072093570396263
