Action,start,end
B,1.2800193283401788,1.879922686639285
