Action,start,end
B,1.598212128533462,2.1981154868325685
