Action,start,end
B,1.5948296690021746,2.1947330273012806
