Action,start,end
B,1.6203189176129498,2.2202222759120565
