Action,start,end
B,1.5983329306595797,2.198236288958686
