Action,start,end
B,1.2195613813965214,1.8195109654650872
