Action,start,end
B,1.3463396955786422,1.9462430538777484
