Action,start,end
B,1.5912056052186518,2.191108963517758
