Action,start,end
B,1.393210920512201,1.993114278811307
