Action,start,end
B,1.6566803575742934,2.2565837158734
