Action,start,end
B,1.4660874533660473,2.0660269552650155
