Action,start,end
B,1.490819038415076,2.090722396714182
