Action,start,end
B,1.3887068313587094,1.988656415427275
