Action,start,end
B,1.4588064749939598,2.058709833293066
