Action,start,end
B,1.5558105822662478,2.155713940565354
