Action,start,end
B,1.284723972775397,1.8846735568439628
