Action,start,end
B,1.3424502142677086,1.9423997983362744
