Action,start,end
B,1.5222275912056051,2.122130949504712
