Action,start,end
B,1.2615366030442137,1.8614399613433197
