Action,start,end
B,1.3430804134106378,1.9430299974792036
