Action,start,end
B,1.2438870683135872,1.8438366523821528
