Action,start,end
B,1.8587537391187443,2.4586932410177127
