Action,start,end
B,1.3876985127300228,1.9876480967985888
