Action,start,end
B,1.377037609652808,1.976977111551776
