Action,start,end
B,1.3582991060642666,1.9582024643633729
