Action,start,end
B,1.6303061876113334,2.2302456895103013
