Action,start,end
B,1.3805666655463311,1.9805061674452995
