Action,start,end
B,1.1583715873399374,1.7582749456390432
