Action,start,end
B,2.5880870157041667,3.1880340803105547
