Action,start,end
B,3.93427126841064,4.534183336997142
