Action,start,end
B,2.9684405815805923,3.568361935106576
