Action,start,end
B,2.836131631967764,3.4360868591896128
