Action,start,end
B,2.4083277367360645,3.0082829639579134
