Action,start,end
B,2.390486753547932,2.9904338181543197
