Action,start,end
B,2.358980822359797,2.958902175885781
