Action,start,end
B,2.829690052229325,3.429611405755309
