Action,start,end
B,2.081368851963137,2.681290205489121
