Action,start,end
B,2.125847596481057,2.7257946610874444
