Action,start,end
B,2.534415285451197,3.1343232044198897
