Action,start,end
B,2.835901107100365,3.435822460626349
