Action,start,end
B,2.9257891202149096,3.5257443474367585
