Action,start,end
B,2.278526775627024,2.8784363937636512
