Action,start,end
B,2.2862227510133297,2.886144104539313
