Action,start,end
B,2.314259786745986,2.914206851352373
