Action,start,end
B,2.442131184239982,3.042086411461831
