Action,start,end
B,2.439444817550929,3.039400044772778
