Action,start,end
B,2.332773673606447,2.9327289008282964
