Action,start,end
B,2.465012225555191,3.064959290161579
