Action,start,end
B,1.5807817699055555,2.180721271804524
