Action,start,end
B,1.2008939357332689,1.8007972940323749
