Action,start,end
B,1.460793869525762,2.0607333714247305
