Action,start,end
B,1.611137956028026,2.211041314327132
