Action,start,end
B,1.6085436762679397,2.208483178166908
