Action,start,end
B,1.5967801566228617,2.19671965852183
