Action,start,end
B,1.6090142170537425,2.208953718952711
