Action,start,end
B,1.4370315598427048,2.0369710617416734
