Action,start,end
B,2.1236682015258967,2.723607703424865
