Action,start,end
B,1.6147547563618847,2.2147788392068715
