Action,start,end
B,2.2220387688739884,2.8219858334803765
