Action,start,end
B,1.3530400295768494,1.9529795314758176
