Action,start,end
B,1.5851749539594844,2.185082872928177
