Action,start,end
B,1.7578268876611418,2.3577348066298343
