Action,start,end
B,1.7122979195375256,2.3122374214364942
