Action,start,end
B,1.5216235805750182,2.1215269388741245
