Action,start,end
B,1.7069340420391397,2.306837400338246
