Action,start,end
B,1.4779686082075758,2.077908110106544
