Action,start,end
B,1.6417168016670587,2.241656303566027
