Action,start,end
B,1.6687728968507378,2.268712398749706
