Action,start,end
B,1.2738584199081904,1.8737617782072968
