Action,start,end
B,1.7154740698416968,2.315413571740665
