Action,start,end
B,1.8747697974217312,2.474677716390424
