Action,start,end
B,1.6953584512486135,2.295297953147582
