Action,start,end
B,1.6592444459382247,2.259183947837193
