Action,start,end
B,1.6484220078647531,2.248361509763721
