Action,start,end
B,1.9473987108655617,2.5473066298342544
