Action,start,end
B,1.448417492147862,2.048320850446968
