Action,start,end
B,1.6927704769266965,2.2927099788256644
