Action,start,end
B,1.479497865761436,2.079437367660404
