Action,start,end
B,1.6672436392968777,2.267183141195846
