Action,start,end
B,1.2385841990819038,1.83848755738101
