Action,start,end
B,1.6301885524148827,2.230128054313851
