Action,start,end
B,2.167075589016234,2.767015090915202
