Action,start,end
B,1.709592310019158,2.309531811918126
