Action,start,end
B,1.419151009982187,2.019090511881155
