Action,start,end
B,2.7583499281591086,3.3582969927654966
