Action,start,end
B,2.202693370165746,2.8026012891344383
