Action,start,end
B,2.4523480662983426,3.0522559852670352
