Action,start,end
B,1.6780660773703493,2.278005579269317
