Action,start,end
B,1.3387291616332448,1.938632519932351
