Action,start,end
B,1.2214302971732305,1.8213336554723365
