Action,start,end
B,1.2798985262140614,1.8798018845131672
