Action,start,end
B,1.4724571152452284,2.072360473544334
