Action,start,end
B,1.2876298622855762,1.8875332205846824
