Action,start,end
B,1.1792286362490547,1.7791782203176203
