Action,start,end
B,1.4636385600386568,2.063541918337763
