Action,start,end
B,1.3156559555448175,1.915559313843924
