Action,start,end
B,1.5444324942022654,2.144371996101233
