Action,start,end
B,1.6584209995630692,2.258360501462038
