Action,start,end
B,1.272695190400968,1.8726346922999364
