Action,start,end
B,1.5968977918193124,2.1968372937182803
