Action,start,end
B,1.6230128054313853,2.222952307330353
