Action,start,end
B,1.4665579941518505,2.0664974960508182
