Action,start,end
B,1.255013288233873,1.854916646532979
