Action,start,end
B,1.2277120077313362,1.8276153660304424
