Action,start,end
B,1.6637145834033544,2.2636540853023224
