Action,start,end
B,1.496496738342595,2.096400096641701
