Action,start,end
B,1.533962961718146,2.1339024636171144
