Action,start,end
B,1.690417772997681,2.290357274896649
