Action,start,end
B,1.5816052162807113,2.1815447181796794
