Action,start,end
B,1.2792827614022115,1.87922226330118
