Action,start,end
B,1.2622614158009182,1.862164774100024
