Action,start,end
B,1.6153755907887235,2.215348774846646
