Action,start,end
B,1.439148993378819,2.0390884952777872
