Action,start,end
B,1.3762986228557623,1.9762019811548683
