Action,start,end
B,1.2635902391882097,1.863493597487316
