Action,start,end
B,1.588545692871307,2.1884851947702755
