Action,start,end
B,1.6733606695123182,2.2733001714112864
