Action,start,end
B,1.388862043971974,1.98876540227108
