Action,start,end
B,1.162358057501812,1.762261415800918
