Action,start,end
B,1.2696303454940807,1.869533703793187
