Action,start,end
B,1.9668604846570092,2.5667999865559774
