Action,start,end
B,1.3151727470403478,1.915076105339454
