Action,start,end
B,1.2982220280307868,1.8981615299297552
