Action,start,end
B,1.179528114811952,1.77946761671092
