Action,start,end
B,1.621954088663328,2.2218935905622965
