Action,start,end
B,1.4326790575740262,2.0326185594729944
