Action,start,end
B,1.3998588377642591,1.999798339663227
