Action,start,end
B,1.2612949987919788,1.861198357091085
