Action,start,end
B,1.23689296931626,1.836796327615366
