Action,start,end
B,1.1918337762744624,1.7917371345735686
