Action,start,end
B,1.246227271199543,1.8461667730985112
