Action,start,end
B,1.1711766127083838,1.7710799710074898
