Action,start,end
B,1.40150573051457,2.0014452324135386
