Action,start,end
B,1.3849963759362165,1.9848997342353227
