Action,start,end
B,1.379155043188922,1.9790945450878905
