Action,start,end
B,1.2257791737134571,1.825682532012564
