Action,start,end
B,1.2402754288475475,1.840178787146654
