Action,start,end
B,1.450794877827446,2.050734379726414
