Action,start,end
B,1.1554723363131192,1.755375694612225
