Action,start,end
B,1.5777232547978357,2.177662756696804
