Action,start,end
B,1.2618727523274964,1.8618122542264648
