Action,start,end
B,1.4607393090118386,2.060642667310945
