Action,start,end
B,1.6314825395758412,2.2314220414748096
