Action,start,end
B,1.603130755064457,2.203038674033149
