Action,start,end
B,1.7576638919533312,2.357553572025541
