Action,start,end
B,1.287025851654989,1.8869292099540955
