Action,start,end
L,1.3416206261510129,1.8416206261510129
