Action,start,end
L,1.7379067832925816,2.2379193869577274
