Action,start,end
L,2.3487434145849617,2.8487560182501075
