Action,start,end
L,1.648635023064707,2.1486476267298533
