Action,start,end
L,1.997237569060773,2.4972375690607738
