Action,start,end
L,1.88568028693058,2.3856970468943786
