Action,start,end
L,2.1430894104005445,2.6431020140656907
