Action,start,end
L,2.3577607937244145,2.857750710843131
