Action,start,end
L,2.5104742173112338,3.010474217311234
