Action,start,end
L,1.6220917042676013,2.122104307932747
