Action,start,end
L,1.8503683241252304,2.3503683241252302
