Action,start,end
L,1.861889037332056,2.3619016409972025
