Action,start,end
L,2.013823630240577,2.5138135473592933
