Action,start,end
L,1.5186755270394134,2.018675527039413
