Action,start,end
L,2.0592119991045443,2.5592119991045443
