Action,start,end
L,1.769821530601956,2.269771115517763
