Action,start,end
L,1.7732504604051569,2.2732504604051567
