Action,start,end
L,1.4741750901162058,1.974187693781352
