Action,start,end
L,2.1895969347886366,2.6896095384537824
