Action,start,end
L,1.616827808471455,2.116827808471455
