Action,start,end
L,2.111072744014733,2.611072744014733
