Action,start,end
L,2.12200582046116,2.62200582046116
