Action,start,end
L,1.5401703499079191,2.040170349907919
