Action,start,end
L,1.9896408839779007,2.4896408839779007
