Action,start,end
L,1.5404328975229389,2.040382482438746
