Action,start,end
L,2.0232504604051567,2.5232504604051567
