Action,start,end
L,2.2533462730962164,2.753358876761362
