Action,start,end
L,1.6588915403488724,2.1588411252646798
