Action,start,end
L,1.424378453038674,1.924378453038674
