Action,start,end
L,1.9520027624309395,2.4520027624309395
