Action,start,end
L,2.0794198895027627,2.5794198895027627
