Action,start,end
L,1.6572446475985616,2.1571942325143683
