Action,start,end
L,2.0625519901187266,2.562564593783873
