Action,start,end
L,2.227029820271735,2.727042423936881
