Action,start,end
L,1.619244935543278,2.119244935543278
