Action,start,end
L,1.6757455067933755,2.175758110458521
