Action,start,end
L,1.4709944751381216,1.9709944751381216
