Action,start,end
L,2.376194197272567,2.8762068009377124
