Action,start,end
L,1.7640423572744015,2.264042357274401
