Action,start,end
L,1.627877532228361,2.127877532228361
