Action,start,end
L,1.7595724836782538,2.2595850873434
