Action,start,end
L,2.1277624309392267,2.6277624309392267
