Action,start,end
L,2.164528244813592,2.6645408484787376
