Action,start,end
L,1.5666436464088398,2.06664364640884
