Action,start,end
L,1.9547440594225791,2.454693644338386
