Action,start,end
L,1.773978472939931,2.273991076605077
