Action,start,end
L,2.175192417571337,2.675142002487144
