Action,start,end
L,1.8418508287292816,2.341850828729282
