Action,start,end
L,1.7413538130608677,2.2413033979766745
