Action,start,end
L,2.4188450001260366,2.9188576037911824
