Action,start,end
L,1.6466550153763424,2.1466046011393622
R,2.8493958693935166,3.3493454551565365
L,4.451921622666242,4.95187120842926
