Action,start,end
L,1.4777841262372495,1.977733712000269
R,2.901826675853261,3.401776261616281
L,4.354378476481759,4.854328062244779
