Action,start,end
L,1.5760606726753132,2.076060672675313
R,2.805122004836228,3.3051220048362278
L,4.031545394592218,4.531545394592218
