Action,start,end
L,1.1994943943723897,1.6994943943723897
R,1.9055836447570893,2.405583644757089
L,2.809298746977358,3.3092987469773574
