Action,start,end
L,1.461639920861728,1.961639920861728
R,2.5867223565618818,3.0867223565618813
L,3.9628489777973184,4.462848977797318
