Action,start,end
L,1.2750054957133434,1.775005495713344
R,3.07408221587162,3.57408221587162
L,4.488239173444713,4.988239173444713
