Action,start,end
L,1.9635337019174213,2.4634832876804413
R,3.2739761708706543,3.773925756633673
L,4.575134017846641,5.075083603609659
