Action,start,end
L,1.5545174763684328,2.0545174763684324
R,2.6439876896021106,3.1439876896021106
L,4.078478786546494,4.578478786546493
