Action,start,end
L,1.4404101716106394,1.940400088729355
R,2.778670672931497,3.2786605900502126
L,3.972080501724173,4.472070418842889
