Action,start,end
L,1.6502528028138053,2.1502528028138053
R,3.0051659705429765,3.5051659705429765
L,4.734007474170148,5.234007474170147
