Action,start,end
L,1.9657183188532448,2.465667904616264
R,3.128480682944864,3.628430268707884
L,4.394138504713732,4.894088090476751
