Action,start,end
L,2.1500480575450345,2.6499860478095063
R,3.2306607137320564,3.730598703996528
L,4.643118469599727,5.143056459864199
