Action,start,end
L,1.6012149831112308,2.10116456887425
R,2.8767035810913004,3.37665316685432
L,4.690591022904869,5.190540608667888
