Action,start,end
L,1.4031794578789052,1.9031290436419248
R,2.8838035861327245,3.3837531718957434
L,4.332750768817114,4.832700354580134
