Action,start,end
L,1.4684708302244447,1.9684607473431608
R,2.560174635503841,3.0601645526225574
L,3.895995079553933,4.395984996672649
