Action,start,end
L,1.564622649436201,2.06457223519922
R,3.081402187977885,3.5813517737409044
L,4.496815500697398,4.9967650864604165
