Action,start,end
L,1.6742120228276434,2.174201939946359
R,2.8097259472866964,3.3097158644054123
L,4.0991853031922405,4.599175220310956
