Action,start,end
L,1.3148581338603318,1.814848050979048
R,1.927977978987275,2.4279678961059914
L,3.6765008368791454,4.176490753997863
