Action,start,end
L,1.5711765002436688,2.0711260860066885
R,2.6919942191674933,3.1919438049305127
L,4.126959853462618,4.626909439225638
