Action,start,end
L,1.4842822598373269,1.9842822598373264
R,2.8718399648274344,3.3718399648274344
L,4.039239393273247,4.539239393273247
