Action,start,end
L,1.36898304059368,1.868972957712396
R,2.6213978906612354,3.1213878077799517
L,3.751366230414003,4.251356147532719
