Action,start,end
L,1.6214226897675903,2.12137227553061
R,3.2145545902162773,3.714504175979297
L,4.726418740652361,5.226368326415381
