Action,start,end
L,2.080127500549571,2.580127500549572
R,3.3335897999560347,3.833589799956034
L,4.608045724335019,5.108045724335018
