Action,start,end
L,1.5177626161628044,2.017712201925824
R,2.999151360344161,3.4991009461071814
L,4.842640361638127,5.342589947401147
