Action,start,end
L,1.2700498094335435,1.7700397265522596
R,2.2556111234346328,2.755601040553348
L,3.6381253907116498,4.138115307830366
