Action,start,end
L,1.506735364697816,2.006725281816532
R,2.5729294803282987,3.0729193974470146
L,3.767004779285728,4.266994696404444
