Action,start,end
L,1.304765169694892,1.804755086813608
R,2.59023170461191,3.0902216217306258
L,3.6984613523160377,4.198451269434753
