Action,start,end
L,1.5708423239024785,2.0708322410211943
R,2.6425820242392466,3.142571941357962
L,3.820131480771945,4.320121397890661
