Action,start,end
L,1.967902935789067,2.4678525215520866
R,3.3130808140218804,3.8130303997849
L,4.636630984590049,5.136580570353068
