Action,start,end
L,1.921152133362462,2.4211017191254816
R,3.080856033743929,3.580805619506949
L,4.551430924092964,5.051380509855984
