Action,start,end
L,2.027576680312166,2.527566597430882
R,3.133477182439654,3.6334670995583696
L,4.277864042428764,4.77785395954748
