Action,start,end
L,1.5259549296721395,2.025904515435159
R,2.9861528895760165,3.4861024753390364
L,4.642310988623187,5.142260574386207
