Action,start,end
L,1.959809635201355,2.459799552320071
R,2.9645586722861927,3.464548589404908
L,4.0852104297324,4.585200346851115
