Action,start,end
L,1.9755490950644463,2.475498680827466
R,3.1286991446384462,3.628648730401466
L,4.965306602584571,5.46525618834759
