Action,start,end
L,1.4620379519651534,1.9620278690838693
R,2.773568735001714,3.2735586521204296
L,4.333985359656375,4.833975276775091
