Action,start,end
L,1.5026379424049243,2.0026379424049243
R,2.873708507364256,3.373708507364256
L,4.20191250824357,4.70191250824357
