Action,start,end
L,1.5947992498336323,2.0947891669523484
R,2.778670672931497,3.2786605900502126
L,3.8404283207969514,4.340418237915666
