Action,start,end
L,1.444932952297208,1.9449329522972083
R,2.7490657287315896,3.2490657287315896
L,4.124093207298308,4.624093207298307
