Action,start,end
L,1.502797990152419,2.0027475759154387
R,2.6907926798527906,3.1907422656158104
L,3.905767388710572,4.405716974473592
