Action,start,end
L,1.5911657452064465,2.091115330969466
R,3.050380627489204,3.5503302132522228
L,4.46535701682155,4.965306602584571
