Action,start,end
L,2.363701836514224,2.8636658264314008
R,3.588440763413756,4.0884047533309325
L,5.638530788620814,6.138494778537991
