Action,start,end
L,1.7574192130138493,2.257419213013849
R,2.961639920861728,3.461639920861728
L,3.929215212134535,4.429215212134535
