Action,start,end
L,1.5282487774547533,2.028198363217773
R,3.075285260557582,3.575234846320601
L,4.336027694220848,4.835977279983868
