Action,start,end
L,1.5363487870293813,2.036338704148097
R,2.6337090887091894,3.1336990058279053
L,3.928824941015144,4.42881485813386
