Action,start,end
L,1.4949439437238954,1.994943943723896
R,2.8497471971861947,3.3497471971861947
L,3.940426467355463,4.440426467355462
