Action,start,end
L,1.4280840909472836,1.9280336767103037
R,2.985825197035643,3.485774782798663
L,4.350773858537652,4.85072344430067
