Action,start,end
L,1.4569360140353709,1.9569259311540863
R,2.466232430579362,2.966222347698078
L,3.7264110992357176,4.226401016354433
