Action,start,end
L,1.5026379424049243,2.0026379424049243
R,2.829193229281161,3.329193229281161
L,4.189821938887667,4.689821938887667
