Action,start,end
L,2.4836154123154484,2.983579402232625
R,3.694850558156284,4.19481454807346
L,5.088008642419879,5.587972632337054
