Action,start,end
L,1.5525390195647395,2.0525390195647395
R,2.8114970323147945,3.3114970323147945
L,4.182347768740383,4.682347768740383
