Action,start,end
R,2.144790905195231,2.6448035088603765
