Action,start,end
R,1.439802025782689,1.939802025782689
