Action,start,end
R,2.6844638459816434,3.184463845981643
