Action,start,end
R,1.7668321948022483,2.2668447984673943
