Action,start,end
R,2.2338258338929933,2.7338258338929933
