Action,start,end
R,2.3278717451034763,2.827884348768622
