Action,start,end
R,2.0737631520035817,2.5737631520035817
