Action,start,end
R,2.346426150485802,2.8463508322663253
