Action,start,end
R,1.9442819980237556,2.444271915142471
