Action,start,end
R,2.822369880417028,3.3223597975357437
