Action,start,end
R,1.6940082175896751,2.194020821254821
