Action,start,end
R,1.5327824891898232,2.032799249153622
