Action,start,end
R,2.3077009178419523,2.8077009178419523
