Action,start,end
R,1.4579706248109436,1.9579202097267503
