Action,start,end
R,2.6817338522656238,3.181723769384339
