Action,start,end
R,1.505822893297371,2.0058354969625167
