Action,start,end
R,1.796665070202415,2.2966776738675607
