Action,start,end
R,1.6110887045952964,2.111101308260442
