Action,start,end
R,1.766785741239214,2.266697693139795
