Action,start,end
R,2.176892440321646,2.676905043986792
