Action,start,end
R,1.5042587476979743,2.0042587476979743
