Action,start,end
R,1.711930629427037,2.2119432330921835
