Action,start,end
R,1.2811924493554327,1.7811924493554327
