Action,start,end
R,1.4530765546620958,1.9530891583272416
