Action,start,end
R,1.2487338858195212,1.7487338858195212
