Action,start,end
R,1.6945211786372008,2.194521178637201
