Action,start,end
R,1.5539825046040516,2.053982504604052
