Action,start,end
R,1.611542436540546,2.111555040205692
