Action,start,end
R,1.61618996403724,2.116139548953047
