Action,start,end
R,1.4982734806629834,1.998273480662984
