Action,start,end
R,1.45591620626151,1.9559162062615103
