Action,start,end
R,1.5418445198803483,2.041794104796155
