Action,start,end
R,1.621546961325967,2.1215469613259668
