Action,start,end
R,1.793942678530917,2.2939552821960625
