Action,start,end
R,1.630294659300184,2.1302946593001844
