Action,start,end
R,1.5610036832412524,2.0610036832412524
