Action,start,end
R,1.406799314354855,1.9067488992706616
