Action,start,end
R,1.8025635854906608,2.3025761891558068
