Action,start,end
R,1.5865871795518136,2.08659978321696
