Action,start,end
R,1.6880755064456725,2.188075506445672
