Action,start,end
R,1.5183005217917371,2.018313125456883
