Action,start,end
R,1.4665579941518505,1.9665075790676572
