Action,start,end
R,1.4368093922651934,1.9368093922651932
