Action,start,end
R,1.6972977741927353,2.1973103778578813
