Action,start,end
R,1.7594590506919414,2.2594716543570867
