Action,start,end
R,1.309867912479414,1.8098174973952208
