Action,start,end
R,1.4797331361543375,1.9796827210701444
