Action,start,end
R,1.7178867403314917,2.217886740331492
