Action,start,end
R,1.550874769797422,2.0508747697974217
