Action,start,end
R,1.6560081671750144,2.1560207708401604
