Action,start,end
R,1.669702724049272,2.169652309812291
L,2.8626128018552444,3.362562387618264
R,4.326415379703229,4.826364965466248
