Action,start,end
R,1.2464256185847666,1.7464155357034827
L,2.4149912278932826,2.914981145011999
R,3.745598822319466,4.2455887394381815
