Action,start,end
R,2.4535096205525098,2.9534558744491024
L,3.9680748145759432,4.468021068472535
R,5.833172095023111,6.333118348919704
