Action,start,end
R,1.9275967533231384,2.4275463390861582
L,3.25049153881056,3.75044112457358
R,4.545204765825869,5.04515435158889
