Action,start,end
R,1.527156468986842,2.027106054749862
L,2.7383080982069337,3.238257683969953
R,4.171962962340565,4.671912548103585
