Action,start,end
R,1.4644976918003958,1.964497691800396
L,2.546054077819301,3.046054077819301
R,3.958562321389316,4.458562321389317
