Action,start,end
R,1.5244009672455483,2.0244009672455485
L,2.551110134095405,3.051110134095406
R,3.842053198505166,4.342053198505166
