Action,start,end
R,1.574234963953821,2.0741845497168403
L,2.8785605054867496,3.378510091249769
R,4.268632261750719,4.7685818475137385
