Action,start,end
R,1.6454534760616395,2.14540306182466
L,2.985060581108105,3.485010166871125
R,4.56836170534559,5.06831129110861
