Action,start,end
R,1.3637701909697717,1.8637601080884876
L,2.517806368347819,3.017796285466535
R,3.821906067877957,4.321895984996672
