Action,start,end
R,2.5821628995752337,3.082100889839705
L,3.6747124298514873,4.174650420115959
R,5.459600657303198,5.959538647567668
