Action,start,end
R,1.5172848397551315,2.017248829672308
L,2.714584083543392,3.214548073460569
R,3.89740727403673,4.397371263953907
