Action,start,end
R,1.5189129693361858,2.0188509596006576
L,2.590193160326171,3.090131150590643
R,4.157938796391034,4.657876786655505
