Action,start,end
R,1.5603626464113467,2.060312232174366
L,2.9054312937973688,3.405380879560388
R,4.374149259750954,4.8740988455139735
