Action,start,end
R,1.4753810476078446,1.975330633370864
L,2.6958172988051827,3.1957668845682026
R,3.9515351135160577,4.451484699279077
