Action,start,end
R,1.56034293251264,2.0603429325126403
L,2.834579028357881,3.334579028357881
R,4.398659045944164,4.898659045944164
