Action,start,end
R,1.556276104638382,2.056276104638382
L,2.820290173664542,3.3202901736645414
R,4.030666080457243,4.530666080457244
