Action,start,end
R,2.10518545192654,2.605149441843716
L,3.4082463089665107,3.908210298883687
R,5.2314728123874685,5.731436802304645
