Action,start,end
R,2.5944319036869827,3.094378157583575
L,3.847253574115877,4.347199828012469
R,5.217779211007202,5.717725464903794
