Action,start,end
R,1.8256843732670107,2.3256339590300303
L,3.010729830104022,3.5106794158670414
R,4.44318315492295,4.943132740685971
