Action,start,end
R,1.593537041107936,2.093537041107936
L,2.712134535062652,3.212134535062651
R,4.035941965267092,4.535941965267092
