Action,start,end
R,2.010002198285337,2.510002198285337
L,3.028907452187294,3.528907452187294
R,4.61530006594856,5.11530006594856
