Action,start,end
R,1.6181457643638566,2.118095350126876
L,2.990740585141244,3.4906901709042635
R,4.23597223856017,4.7359218243231895
