Action,start,end
R,2.057581461004588,2.557531046767607
L,3.10980220814358,3.6097517939065993
R,4.422538524879426,4.922488110642446
