Action,start,end
R,1.5604166246546614,2.060406541773377
L,2.6631006876525034,3.163090604771219
R,4.146988243360423,4.646978160479138
