Action,start,end
R,2.5002520705797626,3.0002160604969395
L,3.7959668707238015,4.295930860640979
R,5.277601728483976,5.777565718401153
