Action,start,end
R,1.584284201858605,2.0842337876216246
L,2.624380325003781,3.124329910766801
R,3.890256608466232,4.3902061942292505
