Action,start,end
R,1.685650427680777,2.1856000134437967
L,2.9550220982405437,3.454971684003563
R,4.389441578301713,4.889391164064732
