Action,start,end
R,2.0564891525366766,2.556438738299696
L,3.371737778748719,3.8716873645117382
R,4.817735728569748,5.317685314332768
