Action,start,end
R,1.5675972741261814,2.067597274126182
L,2.770499010771598,3.2704990107715983
R,4.124422950098923,4.624422950098923
