Action,start,end
R,1.6122123858113695,2.1122023029300854
L,2.8118332694750854,3.311823186593801
R,4.177156224162617,4.677146141281333
