Action,start,end
R,2.0420957868203096,2.5420597767374864
L,3.137630536550234,3.637594526467411
R,5.52855599567879,6.028519985595967
