Action,start,end
R,1.984069101114155,2.4840186868771745
L,3.386702404759104,3.886651990522124
R,4.808123414052129,5.308072999815148
