Action,start,end
R,1.6788305122004834,2.178830512200484
L,2.672015827654429,3.172015827654429
R,3.9929654869202023,4.492965486920202
