Action,start,end
R,2.291663165677988,2.791612751441007
L,3.355680844270422,3.855630430033442
R,4.804846488648395,5.304796074411414
