Action,start,end
R,1.5746718873409853,2.0746214731040045
L,3.0718991043070565,3.571848690070076
R,4.494084729527619,4.994034315290638
