Action,start,end
R,1.553540099618867,2.0535300167375827
L,2.482425537921716,2.9824154550404325
R,3.91107906995503,4.411068987073746
