Action,start,end
R,1.543965706748736,2.043965706748736
L,2.692789624093208,3.192789624093208
R,4.101670696856452,4.601670696856452
