Action,start,end
R,1.4213013849197624,1.9213013849197629
L,2.6227742360958453,3.122774236095845
R,4.118047922620356,4.618047922620356
