Action,start,end
R,1.6038940087519409,2.1038839258706568
L,2.7123454798443203,3.212335396963036
R,3.94989816289903,4.449888080017746
