Action,start,end
R,1.5080237414816444,2.008023741481644
L,2.555726533304023,3.055726533304023
R,4.267970982633546,4.767970982633546
