Action,start,end
R,2.054821025475653,2.5547672793722453
L,3.55165000537461,4.051596259271203
R,5.852198215629366,6.35214446952596
