Action,start,end
R,2.675704585619943,3.1756425758844142
L,4.027067249558181,4.527005239822652
R,5.267742535578086,5.767680525842557
