Action,start,end
R,1.4000383149488795,1.9000282320675956
L,2.7509427494000684,3.250932666518784
R,4.083990401097018,4.583980318215733
