Action,start,end
R,1.279255480045978,1.7792453971646938
L,2.4115529653753853,2.9115428824941016
R,3.6467765028534553,4.146766419972171
