Action,start,end
R,1.992589836604347,2.4925278268688187
L,3.030121229032958,3.53005921929743
R,4.367702229249993,4.867640219514464
