Action,start,end
R,1.4765882611562982,1.976588261156298
L,2.7496153000659485,3.2496153000659485
R,4.09023961310178,4.590239613101781
