Action,start,end
R,1.267861068366674,1.767861068366674
L,2.751703671136513,3.251703671136513
R,4.179929654869202,4.679929654869202
