Action,start,end
R,1.6887421325148049,2.1886801227792763
L,3.30792484420054,3.807862834465011
R,4.863842123213345,5.363780113477817
