Action,start,end
R,1.4964827434601011,1.9964827434601011
L,2.859309738404045,3.359309738404045
R,4.270389096504727,4.770389096504726
