Action,start,end
L,1.4426795629847822,1.94268316396713
R,3.5002340638526186,4.000237664834967
L,5.1105213502243405,5.610524951206688
R,6.634655133920534,7.134658734902881
R,7.95776407804049,8.457767679022837
L,9.729184521537476,10.229188122519822
R,11.08790358009665,11.587907181078998
L,12.648065192184427,13.148068793166775
