Action,start,end
L,2.3089666726129074,2.8089356487477994
R,3.736731480691522,4.236700456826414
R,5.296425275142904,5.796394251277796
L,6.644823280308377,7.144792256443269
L,7.993325991018591,8.493294967153483
R,9.270000698036965,9.769969674171858
R,10.53976483910248,11.039733815237373
L,11.73969038182622,12.239659357961113
