Action,start,end
L,1.905175760833856,2.4051458949317563
R,3.242227398978586,3.7421975330764874
R,4.8440551921870805,5.344025326284981
L,6.472329241704745,6.972299375802646
R,8.103112026998776,8.603082161096676
L,9.338768927515456,9.838739061613357
L,11.34053101573933,11.840501149837232
R,12.656153869127618,13.156124003225518
