Action,start,end
L,1.5705731266612908,2.070543260759192
R,2.773930054057283,3.2739001881551832
L,5.014753755637189,5.514723889735089
R,6.938013320192336,7.4379834542902366
R,8.21820028073948,8.718170414837381
L,9.352148851656064,9.852118985753965
R,10.748469372517397,11.248439506615298
L,11.873741898874057,12.373712032971955
