Action,start,end
B,2.17554532316069,2.775484825059657
