Action,start,end
B,4.214311641694731,4.814232995220714
