Action,start,end
B,2.0213819763227834,2.6212853346218896
