Action,start,end
B,2.1977783752898867,2.797717877188855
