Action,start,end
B,1.8191592172022228,2.419062575501329
