Action,start,end
B,2.239421234833462,2.8393607367324307
