Action,start,end
B,1.6859476355325511,2.28588713743152
