Action,start,end
B,1.810461464121769,2.410364822420875
