Action,start,end
B,1.7710799710074898,2.370983329306596
