Action,start,end
B,1.743537086252718,2.3434404445518244
