Action,start,end
B,1.7426478002218264,2.3425873021207946
