Action,start,end
L,2.1186478620998432,2.6186478620998432
R,3.755876427132304,4.255876427132304
