Action,start,end
L,1.8781061114842177,2.3781061114842177
R,3.589209760465637,4.089209760465637
