Action,start,end
L,2.442053681259957,2.942043598378673
R,4.179707193127507,4.679697110246224
