Action,start,end
L,2.1025296619655247,2.6025296619655247
R,3.933848220282069,4.433848220282068
