Action,start,end
L,2.216924110141034,2.716924110141034
R,3.9995522722184913,4.499552272218491
