Action,start,end
L,2.8060013189712025,3.3060013189712025
R,4.849087711584964,5.349087711584963
