Action,start,end
L,1.8362435639131407,2.3362435639131407
R,3.686254757107679,4.186254757107679
