Action,start,end
L,2.5390642489366466,3.0390642489366466
R,4.008730691739422,4.508730691739422
