Action,start,end
L,1.8443026639803,2.3443026639803
R,3.5676068950078355,4.067606895007836
