Action,start,end
L,2.0514226945491942,2.55141261166791
R,3.8957732561656817,4.395763173284397
