Action,start,end
L,3.0847869487184654,3.584776865837181
R,4.711306943072052,5.211296860190768
