Action,start,end
L,1.6487484560510195,2.1487610597161657
R,3.273108820044869,3.7731214237100152
