Action,start,end
L,1.677220135615437,2.177232739280583
R,3.285699881525548,3.7857124851906936
