Action,start,end
L,2.02285044490938,2.522863048574526
R,3.443371732499811,3.943384336164957
