Action,start,end
L,2.415213051281534,2.91520296840025
R,3.7733267458508943,4.273316662969609
