Action,start,end
L,2.202484421948416,2.702474339067132
R,3.994484663937567,4.4944745810562825
