Action,start,end
L,1.5671040515653776,2.067104051565378
R,3.158379373848988,3.6583793738489874
