Action,start,end
L,1.9242220729796284,2.424222072979628
R,3.510297738974703,4.010297738974703
