Action,start,end
L,3.707267541003938,4.20720553126841
R,5.489008774377578,5.98894676464205
