Action,start,end
L,2.052975458266954,2.55296537538567
R,3.9341487023331783,4.434138619451894
