Action,start,end
L,1.5440498096846564,2.044062413349802
R,3.123717577071413,3.6237301807365583
