Action,start,end
L,1.5663961079882032,2.0664087116533487
R,3.3521716115046254,3.852184215169771
