Action,start,end
L,2.3629736433483237,2.862963560467039
R,3.8207969509367,4.320786868055415
