Action,start,end
L,2.3871523926677285,2.8871423097864444
R,4.062362620742504,4.562352537861219
