Action,start,end
L,1.579781200373069,2.0797938040382142
R,3.5146076479040107,4.0146202515691565
