Action,start,end
L,1.5992916740188048,2.0993042776839506
R,3.097287691260618,3.597300294925765
