Action,start,end
L,2.243078101998427,2.7430680191171426
R,3.9669785637943895,4.466968480913105
