Action,start,end
L,2.495291294440299,2.995281211559015
R,4.356833168646272,4.856823085764988
