Action,start,end
L,2.30535034698903,2.80535034698903
R,4.002910230579808,4.502910230579808
