Action,start,end
L,2.333249309322632,2.833239226441348
R,3.981840730807235,4.481830647925952
