Action,start,end
R,1.527279005524862,2.027279005524862
L,2.815722836095764,3.315722836095764
