Action,start,end
R,1.6712707182320443,2.1712707182320443
L,2.952923572744014,3.452923572744015
