Action,start,end
R,1.6320211786372008,2.132021178637201
L,2.722720994475138,3.222720994475138
