Action,start,end
R,1.4408379373848987,1.9408379373848987
L,2.477670349907919,2.977670349907919
