Action,start,end
R,1.5217147974031788,2.021714797403179
L,2.838594134766062,3.338594134766062
