Action,start,end
R,1.4432078848529153,1.943220488518061
L,2.7150185273877647,3.2150311310529105
