Action,start,end
R,1.618575281691916,2.118587885357062
L,2.9567442212195307,3.4567568248846765
