Action,start,end
R,1.6578038674033149,2.157803867403315
L,2.675184162062615,3.175184162062615
