Action,start,end
R,2.869618262114582,3.369608179233297
L,4.189134687128194,4.689124604246909
