Action,start,end
R,1.8885457891154749,2.388558392780621
L,3.2349953366438964,3.735007940309042
