Action,start,end
R,1.8254770487257697,2.325489652390916
L,3.034899548788788,3.534912152453934
