Action,start,end
R,1.6210708073907891,2.121083411055935
L,2.9063799752968165,3.4063925789619622
