Action,start,end
R,1.6399006831186511,2.1399132867837967
L,3.042726424844345,3.542739028509491
