Action,start,end
R,1.5744498500163848,2.0744624536815306
L,2.786027576819339,3.286040180484485
