Action,start,end
R,1.7086410728239771,2.208653676489123
L,2.827884348768622,3.327896952433768
