Action,start,end
R,1.487787048473696,1.987799652138842
L,2.859985883895037,3.359998487560183
