Action,start,end
R,1.8651785939351164,2.365191197600262
L,2.9413173350810418,3.4413299387461875
