Action,start,end
R,1.65158428070883,2.1515968843739763
L,2.9963323334425653,3.496344937107711
