Action,start,end
R,1.6230132079695545,2.1230132079695543
L,2.8849339601522277,3.3849339601522277
