Action,start,end
R,1.76127397847294,2.261286582138086
L,3.138690731264652,3.6387033349297977
