Action,start,end
R,1.6594111567643872,2.159423760429533
L,2.998033828237252,3.4980464319023974
