Action,start,end
R,1.6063245191701747,2.1063371228353205
L,3.059627939804895,3.559640543470041
