Action,start,end
R,1.6226588691991632,2.122671472864309
L,3.001436817826624,3.501449421491769
