Action,start,end
R,1.6673514658062565,2.1673640694714025
L,2.86667843008747,3.366691033752616
