Action,start,end
R,1.132711786372007,1.6327117863720075
L,2.364295580110497,2.864295580110497
