Action,start,end
R,1.7703486173779337,2.27036122104308
L,3.190756471982053,3.690769075647199
