Action,start,end
R,1.3840930018416209,1.8840930018416209
L,2.6579189686924494,3.1579189686924494
