Action,start,end
R,1.3919198895027625,1.8919198895027625
L,2.4864180478821365,2.9864180478821365
