Action,start,end
R,1.5597035617957704,2.059716165460916
L,2.906153109324192,3.406165712989337
