Action,start,end
R,1.6154465930018418,2.115446593001842
L,2.9265653775322287,3.4265653775322287
