Action,start,end
B,2.4036265950302216,3.0035818222520705
