Action,start,end
B,1.6063086075353747,2.206248109434343
