Action,start,end
B,1.313461053692967,1.9134106377615328
