Action,start,end
B,2.159899842032736,2.759839343931705
