Action,start,end
B,2.6090721181719645,3.209019182778352
