Action,start,end
B,2.2370685309044465,2.837008032803415
