Action,start,end
B,2.133667193224213,2.7336066951231808
