Action,start,end
B,2.0867863720073667,2.686694290976059
