Action,start,end
B,2.429339992625616,3.029313176683538
