Action,start,end
B,2.8899321922815155,3.489879256887903
