Action,start,end
L,2.6899318531545395,3.1899318531545395
R,4.3060013189712025,4.8060013189712025
