Action,start,end
L,2.080370646716005,2.5803605638347213
R,3.8133658674302766,4.3133557845489925
