Action,start,end
L,1.03791182475864,1.5379244284237856
R,2.4998361523531045,2.9998487560182503
