Action,start,end
L,2.568126438906348,3.068076024669367
R,4.377316954307897,4.8772665400709165
