Action,start,end
L,1.5266945627788562,2.0267071664440017
R,2.7944216178064583,3.294434221471604
