Action,start,end
L,1.5281691916009177,2.028181795266064
R,2.875412770033526,3.375425373698672
