Action,start,end
L,1.1512633850249046,1.6512533021436206
R,3.79439996773478,4.294389884853496
