Action,start,end
L,2.360644497771683,2.860634414890399
R,3.92815947085039,4.428149387969106
