Action,start,end
L,1.6875979404522052,2.187597940452205
R,3.337810611148422,3.837810611148422
