Action,start,end
L,2.1506894204834768,2.6507020241486225
R,3.497138968011898,3.997151571677044
