Action,start,end
L,2.100962614730244,2.600962614730244
R,3.698119543317663,4.198119543317663
