Action,start,end
L,1.5531676740541749,2.0531676740541758
R,3.024848891873741,3.5248488918737406
