Action,start,end
L,1.6542422207297962,2.154242220729796
R,3.5387284531005148,4.038728453100514
