Action,start,end
L,1.0899775654760404,1.5899901691411862
R,2.689836404426408,3.1898490080915534
