Action,start,end
L,1.5171411286256848,2.017090713541492
R,2.306826202399758,2.8067757873155648
