Action,start,end
L,1.41804788213628,1.91804788213628
R,2.7561003683241254,3.2561003683241254
