Action,start,end
L,2.4955971566370345,2.9955467424000544
R,4.4313862234695085,4.931335809232528
