Action,start,end
L,2.098892899635,2.5988828167537155
R,3.717759987093912,4.217749904212628
