Action,start,end
L,1.5757779270203716,2.075777927020372
R,3.257555406312962,3.757555406312962
