Action,start,end
L,2.073875083948959,2.573875083948959
R,3.4581374524289235,3.958137452428923
