Action,start,end
L,1.7855383926572643,2.2855383926572643
R,3.313073651220058,3.813073651220058
