Action,start,end
L,1.5193642265502574,2.019364226550257
R,3.2892321468547125,3.789232146854713
