Action,start,end
L,1.7171485467974088,2.217161150462555
R,3.337425323284011,3.837437926949157
