Action,start,end
L,2.068166554734721,2.568166554734721
R,3.224199686590553,3.724199686590553
