Action,start,end
L,1.1841269441153488,1.6841395477804946
R,2.783078319175216,3.283090922840362
