Action,start,end
L,1.7133422878889637,2.213342287888964
R,3.010633534810835,3.5106335348108346
