Action,start,end
L,1.7223476980782026,2.2223376151969183
R,3.572243844400976,4.072233761519692
