Action,start,end
L,1.6190889108471638,2.1190788279658794
R,3.4617757970517657,3.961765714170481
