Action,start,end
L,2.112645949706588,2.612635866825304
R,3.213999072374921,3.7139889894936378
