Action,start,end
L,1.9314234579415697,2.4314360616067154
R,3.580852511910464,4.08086511557561
