Action,start,end
R,2.120409768295388,2.620399685414104
L,3.703452378551695,4.203442295670411
