Action,start,end
R,1.1422651933701655,1.6422651933701655
L,1.8923802946593,2.3923802946593
