Action,start,end
R,3.0576845564753667,3.5576225467398386
L,4.46591014789322,4.965848138157691
