Action,start,end
R,1.1218868685510706,1.6218364534668772
L,2.5275098309414177,3.027459415857225
