Action,start,end
R,1.5884772832684668,2.0884672003871825
L,3.444473572768154,3.94446348988687
