Action,start,end
R,1.663948476216884,2.163961079882029
L,3.447341887020746,3.947354490685892
