Action,start,end
R,1.9402712308739385,2.4402838345390845
L,3.64256005646442,4.142572660129566
