Action,start,end
R,2.125068059448668,2.625057976567384
L,3.734064006130392,4.234053923249108
