Action,start,end
R,1.572168508287293,2.0721685082872927
L,3.161026703499079,3.661026703499079
