Action,start,end
R,1.7189634745784077,2.218976078243553
L,3.4032164553452144,3.9032290590103607
