Action,start,end
R,1.666890530557421,2.166890530557421
L,3.2248712782628166,3.724871278262816
