Action,start,end
R,2.068835830526931,2.568825747645647
L,4.175936195527234,4.675926112645949
