Action,start,end
R,1.3166436464088398,1.81664364640884
L,2.765423572744014,3.265423572744015
