Action,start,end
R,1.6382366482504604,2.1382366482504604
L,3.0316528545119708,3.5316528545119708
