Action,start,end
R,1.471233490038057,1.9712334900380568
L,3.000447727781509,3.5004477277815087
