Action,start,end
R,1.9582493843743003,2.4582493843743003
L,3.4929482874412354,3.992948287441236
