Action,start,end
R,1.5896498701822492,2.089662473847395
L,2.56993773789418,3.0699503415593257
