Action,start,end
R,1.996188670874589,2.4961785879933047
L,3.5283228135271933,4.02831273064591
