Action,start,end
R,2.040664260219,2.540654177337716
L,3.4506846276391943,3.9506745447579097
