Action,start,end
R,1.8033355719722408,2.303335571972241
L,3.4716812178195653,3.971681217819565
