Action,start,end
R,1.0831848889187643,1.5831344738345714
L,1.99415185023359,2.494101435149397
