Action,start,end
R,1.7833491298473452,2.283339046966061
L,3.700346851116175,4.200336768234891
