Action,start,end
R,1.472685474601222,1.9726753917199376
L,3.0080360563834723,3.508025973502188
