Action,start,end
R,3.1383820619916465,3.6383820619916474
L,4.850846339854913,5.350846339854914
