Action,start,end
R,1.2398701589433625,1.7398701589433625
L,3.219722408775465,3.719722408775464
