Action,start,end
R,1.8044223517312308,2.3044122688499464
L,3.4349351670733426,3.9349250841920576
