Action,start,end
R,2.156592791582717,2.656592791582717
L,3.492388627714349,3.992388627714349
