Action,start,end
R,1.7271099171703606,2.227109917170361
L,3.494963062458025,3.9949630624580257
