Action,start,end
R,1.4555709023941068,1.9555709023941068
L,2.936694290976059,3.436694290976059
