Action,start,end
R,1.173123944443044,1.67313654810819
L,2.3739255375463184,2.873938141211464
